{"Test Loss (1.334792137145996)": 0.35467110302730487, "MAE": 0.474728946373664, "RMSE": 0.5955426962253041}