{"Test Loss (1.6689939498901367)": 0.3558924791274019, "MAE": 0.4757233594368934, "RMSE": 0.5965672461067586}