{"Test Loss (9.624565124511719)": 16.48991681694585, "MAE": 3.251053450183272, "RMSE": 4.060777858606138}