{"Test Loss (MSELoss())": 15.36190404279038, "MAE": 3.1311278270786604, "RMSE": 3.9194264941175234}