{"Test Loss (4.222777366638184)": 15.409104462037387, "MAE": 3.110524861774918, "RMSE": 3.9254432185470964}