{"Test Loss (18.256637573242188)": 16.3772534359149, "MAE": 3.1847059000576974, "RMSE": 4.046881939952647}