{"Test Loss (17.118228912353516)": 14.475968621452822, "MAE": 3.0139273273082416, "RMSE": 3.8047297698329143}